Data As Of,Jurisdiction,Group,Subgroup,Year of Death,Month of Death,Time Period,Month Ending Date,Maternal Deaths,Live Births,Maternal Mortality Rate,Footnote
10/6/24,United States,Total,Total,2019,1,12 month-ending,1/31/19,660,3787776,17.4,
10/6/24,United States,Total,Total,2019,2,12 month-ending,2/28/19,653,3783489,17.3,
10/6/24,United States,Total,Total,2019,3,12 month-ending,3/31/19,657,3771682,17.4,
10/6/24,United States,Total,Total,2019,4,12 month-ending,4/30/19,668,3772235,17.7,
10/6/24,United States,Total,Total,2019,5,12 month-ending,5/31/19,706,3767999,18.7,
10/6/24,United States,Total,Total,2019,6,12 month-ending,6/30/19,720,3757275,19.2,
10/6/24,United States,Total,Total,2019,7,12 month-ending,7/31/19,721,3761912,19.2,
10/6/24,United States,Total,Total,2019,8,12 month-ending,8/31/19,723,3758847,19.2,
10/6/24,United States,Total,Total,2019,9,12 month-ending,9/30/19,729,3761856,19.4,
10/6/24,United States,Total,Total,2019,10,12 month-ending,10/31/19,739,3760121,19.7,
10/6/24,United States,Total,Total,2019,11,12 month-ending,11/30/19,752,3749504,20.1,
10/6/24,United States,Total,Total,2019,12,12 month-ending,12/31/19,754,3747540,20.1,
10/6/24,United States,Age,Under 25 years,2019,1,12 month-ending,1/31/19,98,904573,10.8,
10/6/24,United States,Age,Under 25 years,2019,2,12 month-ending,2/28/19,103,901429,11.4,
10/6/24,United States,Age,Under 25 years,2019,3,12 month-ending,3/31/19,101,896332,11.3,
10/6/24,United States,Age,Under 25 years,2019,4,12 month-ending,4/30/19,107,894830,12.0,
10/6/24,United States,Age,Under 25 years,2019,5,12 month-ending,5/31/19,113,892029,12.7,
10/6/24,United States,Age,Under 25 years,2019,6,12 month-ending,6/30/19,116,887707,13.1,
10/6/24,United States,Age,Under 25 years,2019,7,12 month-ending,7/31/19,117,886531,13.2,
10/6/24,United States,Age,Under 25 years,2019,8,12 month-ending,8/31/19,113,885087,12.8,
10/6/24,United States,Age,Under 25 years,2019,9,12 month-ending,9/30/19,117,884871,13.2,
10/6/24,United States,Age,Under 25 years,2019,10,12 month-ending,10/31/19,112,883679,12.7,
10/6/24,United States,Age,Under 25 years,2019,11,12 month-ending,11/30/19,112,879538,12.7,
10/6/24,United States,Age,Under 25 years,2019,12,12 month-ending,12/31/19,111,877803,12.6,
10/6/24,United States,Age,25-39 years,2019,1,12 month-ending,1/31/19,461,2756117,16.7,
10/6/24,United States,Age,25-39 years,2019,2,12 month-ending,2/28/19,453,2754668,16.4,
10/6/24,United States,Age,25-39 years,2019,3,12 month-ending,3/31/19,464,2748124,16.9,
10/6/24,United States,Age,25-39 years,2019,4,12 month-ending,4/30/19,469,2749841,17.1,
10/6/24,United States,Age,25-39 years,2019,5,12 month-ending,5/31/19,500,2748198,18.2,
10/6/24,United States,Age,25-39 years,2019,6,12 month-ending,6/30/19,511,2741991,18.6,
10/6/24,United States,Age,25-39 years,2019,7,12 month-ending,7/31/19,510,2747133,18.6,
10/6/24,United States,Age,25-39 years,2019,8,12 month-ending,8/31/19,516,2745464,18.8,
10/6/24,United States,Age,25-39 years,2019,9,12 month-ending,9/30/19,514,2748154,18.7,
10/6/24,United States,Age,25-39 years,2019,10,12 month-ending,10/31/19,528,2747188,19.2,
10/6/24,United States,Age,25-39 years,2019,11,12 month-ending,11/30/19,547,2740604,20.0,
10/6/24,United States,Age,25-39 years,2019,12,12 month-ending,12/31/19,544,2739976,19.9,
10/6/24,United States,Age,40 years and over,2019,1,12 month-ending,1/31/19,101,127086,79.5,
10/6/24,United States,Age,40 years and over,2019,2,12 month-ending,2/28/19,97,127392,76.1,
10/6/24,United States,Age,40 years and over,2019,3,12 month-ending,3/31/19,92,127226,72.3,
10/6/24,United States,Age,40 years and over,2019,4,12 month-ending,4/30/19,92,127564,72.1,
10/6/24,United States,Age,40 years and over,2019,5,12 month-ending,5/31/19,93,127772,72.8,
10/6/24,United States,Age,40 years and over,2019,6,12 month-ending,6/30/19,93,127577,72.9,
10/6/24,United States,Age,40 years and over,2019,7,12 month-ending,7/31/19,93,128248,72.5,
10/6/24,United States,Age,40 years and over,2019,8,12 month-ending,8/31/19,93,128296,72.5,
10/6/24,United States,Age,40 years and over,2019,9,12 month-ending,9/30/19,97,128831,75.3,
10/6/24,United States,Age,40 years and over,2019,10,12 month-ending,10/31/19,98,129254,75.8,
10/6/24,United States,Age,40 years and over,2019,11,12 month-ending,11/30/19,92,129362,71.1,
10/6/24,United States,Age,40 years and over,2019,12,12 month-ending,12/31/19,98,129761,75.5,
10/6/24,United States,Race and Hispanic origin,Hispanic,2019,1,12 month-ending,1/31/19,90,885705,10.2,
10/6/24,United States,Race and Hispanic origin,Hispanic,2019,2,12 month-ending,2/28/19,90,885333,10.2,
10/6/24,United States,Race and Hispanic origin,Hispanic,2019,3,12 month-ending,3/31/19,89,883687,10.1,
10/6/24,United States,Race and Hispanic origin,Hispanic,2019,4,12 month-ending,4/30/19,96,884928,10.8,
10/6/24,United States,Race and Hispanic origin,Hispanic,2019,5,12 month-ending,5/31/19,103,884930,11.6,
10/6/24,United States,Race and Hispanic origin,Hispanic,2019,6,12 month-ending,6/30/19,105,883801,11.9,
10/6/24,United States,Race and Hispanic origin,Hispanic,2019,7,12 month-ending,7/31/19,100,885160,11.3,
10/6/24,United States,Race and Hispanic origin,Hispanic,2019,8,12 month-ending,8/31/19,100,885671,11.3,
10/6/24,United States,Race and Hispanic origin,Hispanic,2019,9,12 month-ending,9/30/19,96,887617,10.8,
10/6/24,United States,Race and Hispanic origin,Hispanic,2019,10,12 month-ending,10/31/19,103,888275,11.6,
10/6/24,United States,Race and Hispanic origin,Hispanic,2019,11,12 month-ending,11/30/19,109,886231,12.3,
10/6/24,United States,Race and Hispanic origin,Hispanic,2019,12,12 month-ending,12/31/19,112,886467,12.6,
10/6/24,United States,Race and Hispanic origin,"American Indian or Alaska Native, Non-Hispanic",2019,1,12 month-ending,1/31/19,,29190,,Data counts between 1-9 have been suppressed in accordance with NCHS confidentiality standards.
10/6/24,United States,Race and Hispanic origin,"American Indian or Alaska Native, Non-Hispanic",2019,2,12 month-ending,2/28/19,,29142,,Data counts between 1-9 have been suppressed in accordance with NCHS confidentiality standards.
10/6/24,United States,Race and Hispanic origin,"American Indian or Alaska Native, Non-Hispanic",2019,3,12 month-ending,3/31/19,,29020,,Data counts between 1-9 have been suppressed in accordance with NCHS confidentiality standards.
10/6/24,United States,Race and Hispanic origin,"American Indian or Alaska Native, Non-Hispanic",2019,4,12 month-ending,4/30/19,,29173,,Data counts between 1-9 have been suppressed in accordance with NCHS confidentiality standards.
10/6/24,United States,Race and Hispanic origin,"American Indian or Alaska Native, Non-Hispanic",2019,5,12 month-ending,5/31/19,12,29194,,Rates for deaths counts <20 are unreliable.
10/6/24,United States,Race and Hispanic origin,"American Indian or Alaska Native, Non-Hispanic",2019,6,12 month-ending,6/30/19,11,29067,,Rates for deaths counts <20 are unreliable.
10/6/24,United States,Race and Hispanic origin,"American Indian or Alaska Native, Non-Hispanic",2019,7,12 month-ending,7/31/19,12,28996,,Rates for deaths counts <20 are unreliable.
10/6/24,United States,Race and Hispanic origin,"American Indian or Alaska Native, Non-Hispanic",2019,8,12 month-ending,8/31/19,14,28777,,Rates for deaths counts <20 are unreliable.
10/6/24,United States,Race and Hispanic origin,"American Indian or Alaska Native, Non-Hispanic",2019,9,12 month-ending,9/30/19,16,28807,,Rates for deaths counts <20 are unreliable.
10/6/24,United States,Race and Hispanic origin,"American Indian or Alaska Native, Non-Hispanic",2019,10,12 month-ending,10/31/19,15,28680,,Rates for deaths counts <20 are unreliable.
10/6/24,United States,Race and Hispanic origin,"American Indian or Alaska Native, Non-Hispanic",2019,11,12 month-ending,11/30/19,14,28472,,Rates for deaths counts <20 are unreliable.
10/6/24,United States,Race and Hispanic origin,"American Indian or Alaska Native, Non-Hispanic",2019,12,12 month-ending,12/31/19,14,28450,,Rates for deaths counts <20 are unreliable.
10/6/24,United States,Race and Hispanic origin,"Asian, Non-Hispanic",2019,1,12 month-ending,1/31/19,33,239787,13.8,
10/6/24,United States,Race and Hispanic origin,"Asian, Non-Hispanic",2019,2,12 month-ending,2/28/19,30,239619,12.5,
10/6/24,United States,Race and Hispanic origin,"Asian, Non-Hispanic",2019,3,12 month-ending,3/31/19,30,239116,12.5,
10/6/24,United States,Race and Hispanic origin,"Asian, Non-Hispanic",2019,4,12 month-ending,4/30/19,33,239023,13.8,
10/6/24,United States,Race and Hispanic origin,"Asian, Non-Hispanic",2019,5,12 month-ending,5/31/19,33,238550,13.8,
10/6/24,United States,Race and Hispanic origin,"Asian, Non-Hispanic",2019,6,12 month-ending,6/30/19,36,238251,15.1,
10/6/24,United States,Race and Hispanic origin,"Asian, Non-Hispanic",2019,7,12 month-ending,7/31/19,42,238472,17.6,
10/6/24,United States,Race and Hispanic origin,"Asian, Non-Hispanic",2019,8,12 month-ending,8/31/19,40,238444,16.8,
10/6/24,United States,Race and Hispanic origin,"Asian, Non-Hispanic",2019,9,12 month-ending,9/30/19,37,238270,15.5,
10/6/24,United States,Race and Hispanic origin,"Asian, Non-Hispanic",2019,10,12 month-ending,10/31/19,39,238837,16.3,
10/6/24,United States,Race and Hispanic origin,"Asian, Non-Hispanic",2019,11,12 month-ending,11/30/19,36,238565,15.1,
10/6/24,United States,Race and Hispanic origin,"Asian, Non-Hispanic",2019,12,12 month-ending,12/31/19,33,238769,13.8,
10/6/24,United States,Race and Hispanic origin,"Black, Non-Hispanic",2019,1,12 month-ending,1/31/19,221,551756,40.1,
10/6/24,United States,Race and Hispanic origin,"Black, Non-Hispanic",2019,2,12 month-ending,2/28/19,221,550689,40.1,
10/6/24,United States,Race and Hispanic origin,"Black, Non-Hispanic",2019,3,12 month-ending,3/31/19,216,548352,39.4,
10/6/24,United States,Race and Hispanic origin,"Black, Non-Hispanic",2019,4,12 month-ending,4/30/19,210,548103,38.3,
10/6/24,United States,Race and Hispanic origin,"Black, Non-Hispanic",2019,5,12 month-ending,5/31/19,216,547589,39.4,
10/6/24,United States,Race and Hispanic origin,"Black, Non-Hispanic",2019,6,12 month-ending,6/30/19,224,545364,41.1,
10/6/24,United States,Race and Hispanic origin,"Black, Non-Hispanic",2019,7,12 month-ending,7/31/19,224,546548,41.0,
10/6/24,United States,Race and Hispanic origin,"Black, Non-Hispanic",2019,8,12 month-ending,8/31/19,232,546919,42.4,
10/6/24,United States,Race and Hispanic origin,"Black, Non-Hispanic",2019,9,12 month-ending,9/30/19,236,547830,43.1,
10/6/24,United States,Race and Hispanic origin,"Black, Non-Hispanic",2019,10,12 month-ending,10/31/19,235,547930,42.9,
10/6/24,United States,Race and Hispanic origin,"Black, Non-Hispanic",2019,11,12 month-ending,11/30/19,241,547528,44.0,
10/6/24,United States,Race and Hispanic origin,"Black, Non-Hispanic",2019,12,12 month-ending,12/31/19,241,548075,44.0,
10/6/24,United States,Race and Hispanic origin,"Native Hawaiian or Other Pacific Islander, Non-Hispanic",2019,1,12 month-ending,1/31/19,,9476,,Data counts between 1-9 have been suppressed in accordance with NCHS confidentiality standards.
10/6/24,United States,Race and Hispanic origin,"Native Hawaiian or Other Pacific Islander, Non-Hispanic",2019,2,12 month-ending,2/28/19,,9552,,Data counts between 1-9 have been suppressed in accordance with NCHS confidentiality standards.
10/6/24,United States,Race and Hispanic origin,"Native Hawaiian or Other Pacific Islander, Non-Hispanic",2019,3,12 month-ending,3/31/19,,9556,,Data counts between 1-9 have been suppressed in accordance with NCHS confidentiality standards.
10/6/24,United States,Race and Hispanic origin,"Native Hawaiian or Other Pacific Islander, Non-Hispanic",2019,4,12 month-ending,4/30/19,,9508,,Data counts between 1-9 have been suppressed in accordance with NCHS confidentiality standards.
10/6/24,United States,Race and Hispanic origin,"Native Hawaiian or Other Pacific Islander, Non-Hispanic",2019,5,12 month-ending,5/31/19,,9559,,Data counts between 1-9 have been suppressed in accordance with NCHS confidentiality standards.
10/6/24,United States,Race and Hispanic origin,"Native Hawaiian or Other Pacific Islander, Non-Hispanic",2019,6,12 month-ending,6/30/19,,9524,,Data counts between 1-9 have been suppressed in accordance with NCHS confidentiality standards.
10/6/24,United States,Race and Hispanic origin,"Native Hawaiian or Other Pacific Islander, Non-Hispanic",2019,7,12 month-ending,7/31/19,,9564,,Data counts between 1-9 have been suppressed in accordance with NCHS confidentiality standards.
10/6/24,United States,Race and Hispanic origin,"Native Hawaiian or Other Pacific Islander, Non-Hispanic",2019,8,12 month-ending,8/31/19,,9613,,Data counts between 1-9 have been suppressed in accordance with NCHS confidentiality standards.
10/6/24,United States,Race and Hispanic origin,"Native Hawaiian or Other Pacific Islander, Non-Hispanic",2019,9,12 month-ending,9/30/19,,9623,,Data counts between 1-9 have been suppressed in accordance with NCHS confidentiality standards.
10/6/24,United States,Race and Hispanic origin,"Native Hawaiian or Other Pacific Islander, Non-Hispanic",2019,10,12 month-ending,10/31/19,,9681,,Data counts between 1-9 have been suppressed in accordance with NCHS confidentiality standards.
10/6/24,United States,Race and Hispanic origin,"Native Hawaiian or Other Pacific Islander, Non-Hispanic",2019,11,12 month-ending,11/30/19,,9672,,Data counts between 1-9 have been suppressed in accordance with NCHS confidentiality standards.
10/6/24,United States,Race and Hispanic origin,"Native Hawaiian or Other Pacific Islander, Non-Hispanic",2019,12,12 month-ending,12/31/19,,9770,,Data counts between 1-9 have been suppressed in accordance with NCHS confidentiality standards.
10/6/24,United States,Race and Hispanic origin,"White, Non-Hispanic",2019,1,12 month-ending,1/31/19,292,1953909,14.9,
10/6/24,United States,Race and Hispanic origin,"White, Non-Hispanic",2019,2,12 month-ending,2/28/19,287,1950995,14.7,
10/6/24,United States,Race and Hispanic origin,"White, Non-Hispanic",2019,3,12 month-ending,3/31/19,299,1943613,15.4,
10/6/24,United States,Race and Hispanic origin,"White, Non-Hispanic",2019,4,12 month-ending,4/30/19,306,1942823,15.8,
10/6/24,United States,Race and Hispanic origin,"White, Non-Hispanic",2019,5,12 month-ending,5/31/19,328,1939436,16.9,
10/6/24,United States,Race and Hispanic origin,"White, Non-Hispanic",2019,6,12 month-ending,6/30/19,331,1932907,17.1,
10/6/24,United States,Race and Hispanic origin,"White, Non-Hispanic",2019,7,12 month-ending,7/31/19,330,1934415,17.1,
10/6/24,United States,Race and Hispanic origin,"White, Non-Hispanic",2019,8,12 month-ending,8/31/19,323,1930331,16.7,
10/6/24,United States,Race and Hispanic origin,"White, Non-Hispanic",2019,9,12 month-ending,9/30/19,330,1930195,17.1,
10/6/24,United States,Race and Hispanic origin,"White, Non-Hispanic",2019,10,12 month-ending,10/31/19,335,1926894,17.4,
10/6/24,United States,Race and Hispanic origin,"White, Non-Hispanic",2019,11,12 month-ending,11/30/19,338,1919129,17.6,
10/6/24,United States,Race and Hispanic origin,"White, Non-Hispanic",2019,12,12 month-ending,12/31/19,343,1915912,17.9,
10/6/24,United States,Total,Total,2020,1,12 month-ending,1/31/20,740,3741390,19.8,
10/6/24,United States,Total,Total,2020,2,12 month-ending,2/29/20,740,3744081,19.8,
10/6/24,United States,Total,Total,2020,3,12 month-ending,3/31/20,751,3741469,20.1,
10/6/24,United States,Total,Total,2020,4,12 month-ending,4/30/20,767,3733000,20.5,
10/6/24,United States,Total,Total,2020,5,12 month-ending,5/31/20,763,3718095,20.5,
10/6/24,United States,Total,Total,2020,6,12 month-ending,6/30/20,774,3716167,20.8,
10/6/24,United States,Total,Total,2020,7,12 month-ending,7/31/20,793,3704158,21.4,
10/6/24,United States,Total,Total,2020,8,12 month-ending,8/31/20,803,3682094,21.8,
10/6/24,United States,Total,Total,2020,9,12 month-ending,9/30/20,831,3668018,22.7,
10/6/24,United States,Total,Total,2020,10,12 month-ending,10/31/20,843,3648060,23.1,
10/6/24,United States,Total,Total,2020,11,12 month-ending,11/30/20,837,3632571,23.0,
10/6/24,United States,Total,Total,2020,12,12 month-ending,12/31/20,861,3613647,23.8,
10/6/24,United States,Age,Under 25 years,2020,1,12 month-ending,1/31/20,113,874203,12.9,
10/6/24,United States,Age,Under 25 years,2020,2,12 month-ending,2/29/20,112,873116,12.8,
10/6/24,United States,Age,Under 25 years,2020,3,12 month-ending,3/31/20,112,870491,12.9,
10/6/24,United States,Age,Under 25 years,2020,4,12 month-ending,4/30/20,106,866834,12.2,
10/6/24,United States,Age,Under 25 years,2020,5,12 month-ending,5/31/20,109,861548,12.7,
10/6/24,United States,Age,Under 25 years,2020,6,12 month-ending,6/30/20,110,859268,12.8,
10/6/24,United States,Age,Under 25 years,2020,7,12 month-ending,7/31/20,103,854800,12.0,
10/6/24,United States,Age,Under 25 years,2020,8,12 month-ending,8/31/20,106,847356,12.5,
10/6/24,United States,Age,Under 25 years,2020,9,12 month-ending,9/30/20,105,841843,12.5,
10/6/24,United States,Age,Under 25 years,2020,10,12 month-ending,10/31/20,113,834920,13.5,
10/6/24,United States,Age,Under 25 years,2020,11,12 month-ending,11/30/20,109,830203,13.1,
10/6/24,United States,Age,Under 25 years,2020,12,12 month-ending,12/31/20,114,825403,13.8,
10/6/24,United States,Age,25-39 years,2020,1,12 month-ending,1/31/20,528,2737166,19.3,
10/6/24,United States,Age,25-39 years,2020,2,12 month-ending,2/29/20,531,2740252,19.4,
10/6/24,United States,Age,25-39 years,2020,3,12 month-ending,3/31/20,541,2739769,19.7,
10/6/24,United States,Age,25-39 years,2020,4,12 month-ending,4/30/20,558,2734758,20.4,
10/6/24,United States,Age,25-39 years,2020,5,12 month-ending,5/31/20,549,2725270,20.1,
10/6/24,United States,Age,25-39 years,2020,6,12 month-ending,6/30/20,554,2724871,20.3,
10/6/24,United States,Age,25-39 years,2020,7,12 month-ending,7/31/20,574,2717268,21.1,
10/6/24,United States,Age,25-39 years,2020,8,12 month-ending,8/31/20,581,2703022,21.5,
10/6/24,United States,Age,25-39 years,2020,9,12 month-ending,9/30/20,602,2694515,22.3,
10/6/24,United States,Age,25-39 years,2020,10,12 month-ending,10/31/20,607,2681542,22.6,
10/6/24,United States,Age,25-39 years,2020,11,12 month-ending,11/30/20,592,2671162,22.2,
10/6/24,United States,Age,25-39 years,2020,12,12 month-ending,12/31/20,607,2658445,22.8,
10/6/24,United States,Age,40 years and over,2020,1,12 month-ending,1/31/20,98,130021,75.4,
10/6/24,United States,Age,40 years and over,2020,2,12 month-ending,2/29/20,96,130713,73.4,
10/6/24,United States,Age,40 years and over,2020,3,12 month-ending,3/31/20,97,131209,73.9,
10/6/24,United States,Age,40 years and over,2020,4,12 month-ending,4/30/20,102,131408,77.6,
10/6/24,United States,Age,40 years and over,2020,5,12 month-ending,5/31/20,104,131277,79.2,
10/6/24,United States,Age,40 years and over,2020,6,12 month-ending,6/30/20,109,132028,82.6,
10/6/24,United States,Age,40 years and over,2020,7,12 month-ending,7/31/20,116,132090,87.8,
10/6/24,United States,Age,40 years and over,2020,8,12 month-ending,8/31/20,116,131716,88.1,
10/6/24,United States,Age,40 years and over,2020,9,12 month-ending,9/30/20,124,131660,94.2,
10/6/24,United States,Age,40 years and over,2020,10,12 month-ending,10/31/20,123,131598,93.5,
10/6/24,United States,Age,40 years and over,2020,11,12 month-ending,11/30/20,136,131206,103.7,
10/6/24,United States,Age,40 years and over,2020,12,12 month-ending,12/31/20,140,129799,107.9,
10/6/24,United States,Race and Hispanic origin,Hispanic,2020,1,12 month-ending,1/31/20,110,886326,12.4,
10/6/24,United States,Race and Hispanic origin,Hispanic,2020,2,12 month-ending,2/29/20,114,888125,12.8,
10/6/24,United States,Race and Hispanic origin,Hispanic,2020,3,12 month-ending,3/31/20,115,888044,12.9,
10/6/24,United States,Race and Hispanic origin,Hispanic,2020,4,12 month-ending,4/30/20,120,887527,13.5,
10/6/24,United States,Race and Hispanic origin,Hispanic,2020,5,12 month-ending,5/31/20,118,884865,13.3,
10/6/24,United States,Race and Hispanic origin,Hispanic,2020,6,12 month-ending,6/30/20,123,885039,13.9,
10/6/24,United States,Race and Hispanic origin,Hispanic,2020,7,12 month-ending,7/31/20,136,883239,15.4,
10/6/24,United States,Race and Hispanic origin,Hispanic,2020,8,12 month-ending,8/31/20,142,878704,16.2,
10/6/24,United States,Race and Hispanic origin,Hispanic,2020,9,12 month-ending,9/30/20,148,876283,16.9,
10/6/24,United States,Race and Hispanic origin,Hispanic,2020,10,12 month-ending,10/31/20,153,872928,17.5,
10/6/24,United States,Race and Hispanic origin,Hispanic,2020,11,12 month-ending,11/30/20,150,871249,17.2,
10/6/24,United States,Race and Hispanic origin,Hispanic,2020,12,12 month-ending,12/31/20,158,866713,18.2,
10/6/24,United States,Race and Hispanic origin,"American Indian or Alaska Native, Non-Hispanic",2020,1,12 month-ending,1/31/20,14,28217,,Rates for deaths counts <20 are unreliable.
10/6/24,United States,Race and Hispanic origin,"American Indian or Alaska Native, Non-Hispanic",2020,2,12 month-ending,2/29/20,14,28083,,Rates for deaths counts <20 are unreliable.
10/6/24,United States,Race and Hispanic origin,"American Indian or Alaska Native, Non-Hispanic",2020,3,12 month-ending,3/31/20,15,27964,,Rates for deaths counts <20 are unreliable.
10/6/24,United States,Race and Hispanic origin,"American Indian or Alaska Native, Non-Hispanic",2020,4,12 month-ending,4/30/20,16,27866,,Rates for deaths counts <20 are unreliable.
10/6/24,United States,Race and Hispanic origin,"American Indian or Alaska Native, Non-Hispanic",2020,5,12 month-ending,5/31/20,13,27724,,Rates for deaths counts <20 are unreliable.
10/6/24,United States,Race and Hispanic origin,"American Indian or Alaska Native, Non-Hispanic",2020,6,12 month-ending,6/30/20,15,27671,,Rates for deaths counts <20 are unreliable.
10/6/24,United States,Race and Hispanic origin,"American Indian or Alaska Native, Non-Hispanic",2020,7,12 month-ending,7/31/20,15,27570,,Rates for deaths counts <20 are unreliable.
10/6/24,United States,Race and Hispanic origin,"American Indian or Alaska Native, Non-Hispanic",2020,8,12 month-ending,8/31/20,13,27469,,Rates for deaths counts <20 are unreliable.
10/6/24,United States,Race and Hispanic origin,"American Indian or Alaska Native, Non-Hispanic",2020,9,12 month-ending,9/30/20,12,27338,,Rates for deaths counts <20 are unreliable.
10/6/24,United States,Race and Hispanic origin,"American Indian or Alaska Native, Non-Hispanic",2020,10,12 month-ending,10/31/20,12,27194,,Rates for deaths counts <20 are unreliable.
10/6/24,United States,Race and Hispanic origin,"American Indian or Alaska Native, Non-Hispanic",2020,11,12 month-ending,11/30/20,13,27029,,Rates for deaths counts <20 are unreliable.
10/6/24,United States,Race and Hispanic origin,"American Indian or Alaska Native, Non-Hispanic",2020,12,12 month-ending,12/31/20,13,26813,,Rates for deaths counts <20 are unreliable.
10/6/24,United States,Race and Hispanic origin,"Asian, Non-Hispanic",2020,1,12 month-ending,1/31/20,32,238444,13.4,
10/6/24,United States,Race and Hispanic origin,"Asian, Non-Hispanic",2020,2,12 month-ending,2/29/20,30,238147,12.6,
10/6/24,United States,Race and Hispanic origin,"Asian, Non-Hispanic",2020,3,12 month-ending,3/31/20,27,237505,11.4,
10/6/24,United States,Race and Hispanic origin,"Asian, Non-Hispanic",2020,4,12 month-ending,4/30/20,25,236230,10.6,
10/6/24,United States,Race and Hispanic origin,"Asian, Non-Hispanic",2020,5,12 month-ending,5/31/20,30,234758,12.8,
10/6/24,United States,Race and Hispanic origin,"Asian, Non-Hispanic",2020,6,12 month-ending,6/30/20,30,233291,12.9,
10/6/24,United States,Race and Hispanic origin,"Asian, Non-Hispanic",2020,7,12 month-ending,7/31/20,26,231814,11.2,
10/6/24,United States,Race and Hispanic origin,"Asian, Non-Hispanic",2020,8,12 month-ending,8/31/20,27,229563,11.8,
10/6/24,United States,Race and Hispanic origin,"Asian, Non-Hispanic",2020,9,12 month-ending,9/30/20,28,227925,12.3,
10/6/24,United States,Race and Hispanic origin,"Asian, Non-Hispanic",2020,10,12 month-ending,10/31/20,28,225327,12.4,
10/6/24,United States,Race and Hispanic origin,"Asian, Non-Hispanic",2020,11,12 month-ending,11/30/20,29,222797,13.0,
10/6/24,United States,Race and Hispanic origin,"Asian, Non-Hispanic",2020,12,12 month-ending,12/31/20,27,219068,12.3,
10/6/24,United States,Race and Hispanic origin,"Black, Non-Hispanic",2020,1,12 month-ending,1/31/20,233,546945,42.6,
10/6/24,United States,Race and Hispanic origin,"Black, Non-Hispanic",2020,2,12 month-ending,2/29/20,229,547485,41.8,
10/6/24,United States,Race and Hispanic origin,"Black, Non-Hispanic",2020,3,12 month-ending,3/31/20,243,547493,44.4,
10/6/24,United States,Race and Hispanic origin,"Black, Non-Hispanic",2020,4,12 month-ending,4/30/20,262,546737,47.9,
10/6/24,United States,Race and Hispanic origin,"Black, Non-Hispanic",2020,5,12 month-ending,5/31/20,266,545152,48.8,
10/6/24,United States,Race and Hispanic origin,"Black, Non-Hispanic",2020,6,12 month-ending,6/30/20,264,545720,48.4,
10/6/24,United States,Race and Hispanic origin,"Black, Non-Hispanic",2020,7,12 month-ending,7/31/20,267,544025,49.1,
10/6/24,United States,Race and Hispanic origin,"Black, Non-Hispanic",2020,8,12 month-ending,8/31/20,262,540741,48.5,
10/6/24,United States,Race and Hispanic origin,"Black, Non-Hispanic",2020,9,12 month-ending,9/30/20,271,538342,50.3,
10/6/24,United States,Race and Hispanic origin,"Black, Non-Hispanic",2020,10,12 month-ending,10/31/20,280,535444,52.3,
10/6/24,United States,Race and Hispanic origin,"Black, Non-Hispanic",2020,11,12 month-ending,11/30/20,278,532744,52.2,
10/6/24,United States,Race and Hispanic origin,"Black, Non-Hispanic",2020,12,12 month-ending,12/31/20,293,529811,55.3,
10/6/24,United States,Race and Hispanic origin,"Native Hawaiian or Other Pacific Islander, Non-Hispanic",2020,1,12 month-ending,1/31/20,,9783,,Data counts between 1-9 have been suppressed in accordance with NCHS confidentiality standards.
10/6/24,United States,Race and Hispanic origin,"Native Hawaiian or Other Pacific Islander, Non-Hispanic",2020,2,12 month-ending,2/29/20,,9807,,Data counts between 1-9 have been suppressed in accordance with NCHS confidentiality standards.
10/6/24,United States,Race and Hispanic origin,"Native Hawaiian or Other Pacific Islander, Non-Hispanic",2020,3,12 month-ending,3/31/20,,9787,,Data counts between 1-9 have been suppressed in accordance with NCHS confidentiality standards.
10/6/24,United States,Race and Hispanic origin,"Native Hawaiian or Other Pacific Islander, Non-Hispanic",2020,4,12 month-ending,4/30/20,,9754,,Data counts between 1-9 have been suppressed in accordance with NCHS confidentiality standards.
10/6/24,United States,Race and Hispanic origin,"Native Hawaiian or Other Pacific Islander, Non-Hispanic",2020,5,12 month-ending,5/31/20,,9727,,Data counts between 1-9 have been suppressed in accordance with NCHS confidentiality standards.
10/6/24,United States,Race and Hispanic origin,"Native Hawaiian or Other Pacific Islander, Non-Hispanic",2020,6,12 month-ending,6/30/20,,9740,,Data counts between 1-9 have been suppressed in accordance with NCHS confidentiality standards.
10/6/24,United States,Race and Hispanic origin,"Native Hawaiian or Other Pacific Islander, Non-Hispanic",2020,7,12 month-ending,7/31/20,,9735,,Data counts between 1-9 have been suppressed in accordance with NCHS confidentiality standards.
10/6/24,United States,Race and Hispanic origin,"Native Hawaiian or Other Pacific Islander, Non-Hispanic",2020,8,12 month-ending,8/31/20,,9698,,Data counts between 1-9 have been suppressed in accordance with NCHS confidentiality standards.
10/6/24,United States,Race and Hispanic origin,"Native Hawaiian or Other Pacific Islander, Non-Hispanic",2020,9,12 month-ending,9/30/20,,9681,,Data counts between 1-9 have been suppressed in accordance with NCHS confidentiality standards.
10/6/24,United States,Race and Hispanic origin,"Native Hawaiian or Other Pacific Islander, Non-Hispanic",2020,10,12 month-ending,10/31/20,,9653,,Data counts between 1-9 have been suppressed in accordance with NCHS confidentiality standards.
10/6/24,United States,Race and Hispanic origin,"Native Hawaiian or Other Pacific Islander, Non-Hispanic",2020,11,12 month-ending,11/30/20,,9681,,Data counts between 1-9 have been suppressed in accordance with NCHS confidentiality standards.
10/6/24,United States,Race and Hispanic origin,"Native Hawaiian or Other Pacific Islander, Non-Hispanic",2020,12,12 month-ending,12/31/20,,9626,,Data counts between 1-9 have been suppressed in accordance with NCHS confidentiality standards.
10/6/24,United States,Race and Hispanic origin,"White, Non-Hispanic",2020,1,12 month-ending,1/31/20,340,1911612,17.8,
10/6/24,United States,Race and Hispanic origin,"White, Non-Hispanic",2020,2,12 month-ending,2/29/20,345,1912332,18.0,
10/6/24,United States,Race and Hispanic origin,"White, Non-Hispanic",2020,3,12 month-ending,3/31/20,341,1910811,17.8,
10/6/24,United States,Race and Hispanic origin,"White, Non-Hispanic",2020,4,12 month-ending,4/30/20,333,1905248,17.5,
10/6/24,United States,Race and Hispanic origin,"White, Non-Hispanic",2020,5,12 month-ending,5/31/20,326,1896549,17.2,
10/6/24,United States,Race and Hispanic origin,"White, Non-Hispanic",2020,6,12 month-ending,6/30/20,329,1895157,17.4,
10/6/24,United States,Race and Hispanic origin,"White, Non-Hispanic",2020,7,12 month-ending,7/31/20,334,1888232,17.7,
10/6/24,United States,Race and Hispanic origin,"White, Non-Hispanic",2020,8,12 month-ending,8/31/20,344,1876546,18.3,
10/6/24,United States,Race and Hispanic origin,"White, Non-Hispanic",2020,9,12 month-ending,9/30/20,354,1869333,18.9,
10/6/24,United States,Race and Hispanic origin,"White, Non-Hispanic",2020,10,12 month-ending,10/31/20,352,1858695,18.9,
10/6/24,United States,Race and Hispanic origin,"White, Non-Hispanic",2020,11,12 month-ending,11/30/20,350,1850484,18.9,
10/6/24,United States,Race and Hispanic origin,"White, Non-Hispanic",2020,12,12 month-ending,12/31/20,352,1843432,19.1,
10/6/24,United States,Total,Total,2021,1,12 month-ending,1/31/21,893,3586097,24.9,
10/6/24,United States,Total,Total,2021,2,12 month-ending,2/28/21,899,3569798,25.2,
10/6/24,United States,Total,Total,2021,3,12 month-ending,3/31/21,894,3570865,25.0,
10/6/24,United States,Total,Total,2021,4,12 month-ending,4/30/21,899,3573595,25.2,
10/6/24,United States,Total,Total,2021,5,12 month-ending,5/31/21,911,3573026,25.5,
10/6/24,United States,Total,Total,2021,6,12 month-ending,6/30/21,904,3584459,25.2,
10/6/24,United States,Total,Total,2021,7,12 month-ending,7/31/21,908,3588939,25.3,
10/6/24,United States,Total,Total,2021,8,12 month-ending,8/31/21,987,3599589,27.4,
10/6/24,United States,Total,Total,2021,9,12 month-ending,9/30/21,1083,3613622,30.0,
10/6/24,United States,Total,Total,2021,10,12 month-ending,10/31/21,1131,3623951,31.2,
10/6/24,United States,Total,Total,2021,11,12 month-ending,11/30/21,1157,3643084,31.8,
10/6/24,United States,Total,Total,2021,12,12 month-ending,12/31/21,1205,3664292,32.9,
10/6/24,United States,Age,Under 25 years,2021,1,12 month-ending,1/31/21,111,817226,13.6,
10/6/24,United States,Age,Under 25 years,2021,2,12 month-ending,2/28/21,110,810971,13.6,
10/6/24,United States,Age,Under 25 years,2021,3,12 month-ending,3/31/21,116,808359,14.4,
10/6/24,United States,Age,Under 25 years,2021,4,12 month-ending,4/30/21,120,806054,14.9,
10/6/24,United States,Age,Under 25 years,2021,5,12 month-ending,5/31/21,118,803650,14.7,
10/6/24,United States,Age,Under 25 years,2021,6,12 month-ending,6/30/21,123,802875,15.3,
10/6/24,United States,Age,Under 25 years,2021,7,12 month-ending,7/31/21,124,801130,15.5,
10/6/24,United States,Age,Under 25 years,2021,8,12 month-ending,8/31/21,133,799063,16.6,
10/6/24,United States,Age,Under 25 years,2021,9,12 month-ending,9/30/21,142,798684,17.8,
10/6/24,United States,Age,Under 25 years,2021,10,12 month-ending,10/31/21,144,797996,18.0,
10/6/24,United States,Age,Under 25 years,2021,11,12 month-ending,11/30/21,154,797869,19.3,
10/6/24,United States,Age,Under 25 years,2021,12,12 month-ending,12/31/21,163,797334,20.4,
10/6/24,United States,Age,25-39 years,2021,1,12 month-ending,1/31/21,635,2640885,24.0,
10/6/24,United States,Age,25-39 years,2021,2,12 month-ending,2/28/21,635,2631550,24.1,
10/6/24,United States,Age,25-39 years,2021,3,12 month-ending,3/31/21,632,2635016,24.0,
10/6/24,United States,Age,25-39 years,2021,4,12 month-ending,4/30/21,625,2639627,23.7,
10/6/24,United States,Age,25-39 years,2021,5,12 month-ending,5/31/21,633,2641273,24.0,
10/6/24,United States,Age,25-39 years,2021,6,12 month-ending,6/30/21,625,2652817,23.6,
10/6/24,United States,Age,25-39 years,2021,7,12 month-ending,7/31/21,628,2658310,23.6,
10/6/24,United States,Age,25-39 years,2021,8,12 month-ending,8/31/21,686,2670107,25.7,
10/6/24,United States,Age,25-39 years,2021,9,12 month-ending,9/30/21,763,2683809,28.4,
10/6/24,United States,Age,25-39 years,2021,10,12 month-ending,10/31/21,800,2694181,29.7,
10/6/24,United States,Age,25-39 years,2021,11,12 month-ending,11/30/21,822,2711989,30.3,
10/6/24,United States,Age,25-39 years,2021,12,12 month-ending,12/31/21,854,2731223,31.3,
10/6/24,United States,Age,40 years and over,2021,1,12 month-ending,1/31/21,147,127986,114.9,
10/6/24,United States,Age,40 years and over,2021,2,12 month-ending,2/28/21,154,127277,121.0,
10/6/24,United States,Age,40 years and over,2021,3,12 month-ending,3/31/21,146,127490,114.5,
10/6/24,United States,Age,40 years and over,2021,4,12 month-ending,4/30/21,154,127914,120.4,
10/6/24,United States,Age,40 years and over,2021,5,12 month-ending,5/31/21,160,128103,124.9,
10/6/24,United States,Age,40 years and over,2021,6,12 month-ending,6/30/21,156,128767,121.1,
10/6/24,United States,Age,40 years and over,2021,7,12 month-ending,7/31/21,156,129499,120.5,
10/6/24,United States,Age,40 years and over,2021,8,12 month-ending,8/31/21,168,130419,128.8,
10/6/24,United States,Age,40 years and over,2021,9,12 month-ending,9/30/21,178,131129,135.7,
10/6/24,United States,Age,40 years and over,2021,10,12 month-ending,10/31/21,187,131774,141.9,
10/6/24,United States,Age,40 years and over,2021,11,12 month-ending,11/30/21,181,133226,135.9,
10/6/24,United States,Age,40 years and over,2021,12,12 month-ending,12/31/21,188,135735,138.5,
10/6/24,United States,Race and Hispanic origin,Hispanic,2021,1,12 month-ending,1/31/21,177,858833,20.6,
10/6/24,United States,Race and Hispanic origin,Hispanic,2021,2,12 month-ending,2/28/21,180,853365,21.1,
10/6/24,United States,Race and Hispanic origin,Hispanic,2021,3,12 month-ending,3/31/21,186,853143,21.8,
10/6/24,United States,Race and Hispanic origin,Hispanic,2021,4,12 month-ending,4/30/21,179,853483,21.0,
10/6/24,United States,Race and Hispanic origin,Hispanic,2021,5,12 month-ending,5/31/21,179,854389,21.0,
10/6/24,United States,Race and Hispanic origin,Hispanic,2021,6,12 month-ending,6/30/21,174,856973,20.3,
10/6/24,United States,Race and Hispanic origin,Hispanic,2021,7,12 month-ending,7/31/21,172,858586,20.0,
10/6/24,United States,Race and Hispanic origin,Hispanic,2021,8,12 month-ending,8/31/21,191,861675,22.2,
10/6/24,United States,Race and Hispanic origin,Hispanic,2021,9,12 month-ending,9/30/21,216,866414,24.9,
10/6/24,United States,Race and Hispanic origin,Hispanic,2021,10,12 month-ending,10/31/21,230,870471,26.4,
10/6/24,United States,Race and Hispanic origin,Hispanic,2021,11,12 month-ending,11/30/21,250,876537,28.5,
10/6/24,United States,Race and Hispanic origin,Hispanic,2021,12,12 month-ending,12/31/21,248,885916,28.0,
10/6/24,United States,Race and Hispanic origin,"American Indian or Alaska Native, Non-Hispanic",2021,1,12 month-ending,1/31/21,17,26657,,Rates for deaths counts <20 are unreliable.
10/6/24,United States,Race and Hispanic origin,"American Indian or Alaska Native, Non-Hispanic",2021,2,12 month-ending,2/28/21,18,26541,,Rates for deaths counts <20 are unreliable.
10/6/24,United States,Race and Hispanic origin,"American Indian or Alaska Native, Non-Hispanic",2021,3,12 month-ending,3/31/21,17,26512,,Rates for deaths counts <20 are unreliable.
10/6/24,United States,Race and Hispanic origin,"American Indian or Alaska Native, Non-Hispanic",2021,4,12 month-ending,4/30/21,16,26439,,Rates for deaths counts <20 are unreliable.
10/6/24,United States,Race and Hispanic origin,"American Indian or Alaska Native, Non-Hispanic",2021,5,12 month-ending,5/31/21,19,26247,,Rates for deaths counts <20 are unreliable.
10/6/24,United States,Race and Hispanic origin,"American Indian or Alaska Native, Non-Hispanic",2021,6,12 month-ending,6/30/21,18,26255,,Rates for deaths counts <20 are unreliable.
10/6/24,United States,Race and Hispanic origin,"American Indian or Alaska Native, Non-Hispanic",2021,7,12 month-ending,7/31/21,21,26182,80.2,
10/6/24,United States,Race and Hispanic origin,"American Indian or Alaska Native, Non-Hispanic",2021,8,12 month-ending,8/31/21,24,26075,92.0,
10/6/24,United States,Race and Hispanic origin,"American Indian or Alaska Native, Non-Hispanic",2021,9,12 month-ending,9/30/21,25,26078,95.9,
10/6/24,United States,Race and Hispanic origin,"American Indian or Alaska Native, Non-Hispanic",2021,10,12 month-ending,10/31/21,24,26068,92.1,
10/6/24,United States,Race and Hispanic origin,"American Indian or Alaska Native, Non-Hispanic",2021,11,12 month-ending,11/30/21,25,26101,95.8,
10/6/24,United States,Race and Hispanic origin,"American Indian or Alaska Native, Non-Hispanic",2021,12,12 month-ending,12/31/21,31,26124,118.7,
10/6/24,United States,Race and Hispanic origin,"Asian, Non-Hispanic",2021,1,12 month-ending,1/31/21,29,215424,13.5,
10/6/24,United States,Race and Hispanic origin,"Asian, Non-Hispanic",2021,2,12 month-ending,2/28/21,30,213165,14.1,
10/6/24,United States,Race and Hispanic origin,"Asian, Non-Hispanic",2021,3,12 month-ending,3/31/21,31,211927,14.6,
10/6/24,United States,Race and Hispanic origin,"Asian, Non-Hispanic",2021,4,12 month-ending,4/30/21,30,211463,14.2,
10/6/24,United States,Race and Hispanic origin,"Asian, Non-Hispanic",2021,5,12 month-ending,5/31/21,28,210376,13.3,
10/6/24,United States,Race and Hispanic origin,"Asian, Non-Hispanic",2021,6,12 month-ending,6/30/21,27,210739,12.8,
10/6/24,United States,Race and Hispanic origin,"Asian, Non-Hispanic",2021,7,12 month-ending,7/31/21,25,210446,11.9,
10/6/24,United States,Race and Hispanic origin,"Asian, Non-Hispanic",2021,8,12 month-ending,8/31/21,28,210732,13.3,
10/6/24,United States,Race and Hispanic origin,"Asian, Non-Hispanic",2021,9,12 month-ending,9/30/21,30,210980,14.2,
10/6/24,United States,Race and Hispanic origin,"Asian, Non-Hispanic",2021,10,12 month-ending,10/31/21,30,211062,14.2,
10/6/24,United States,Race and Hispanic origin,"Asian, Non-Hispanic",2021,11,12 month-ending,11/30/21,28,211966,13.2,
10/6/24,United States,Race and Hispanic origin,"Asian, Non-Hispanic",2021,12,12 month-ending,12/31/21,36,213813,16.8,
10/6/24,United States,Race and Hispanic origin,"Black, Non-Hispanic",2021,1,12 month-ending,1/31/21,294,524803,56.0,
10/6/24,United States,Race and Hispanic origin,"Black, Non-Hispanic",2021,2,12 month-ending,2/28/21,300,521448,57.5,
10/6/24,United States,Race and Hispanic origin,"Black, Non-Hispanic",2021,3,12 month-ending,3/31/21,299,519918,57.5,
10/6/24,United States,Race and Hispanic origin,"Black, Non-Hispanic",2021,4,12 month-ending,4/30/21,296,518471,57.1,
10/6/24,United States,Race and Hispanic origin,"Black, Non-Hispanic",2021,5,12 month-ending,5/31/21,298,516581,57.7,
10/6/24,United States,Race and Hispanic origin,"Black, Non-Hispanic",2021,6,12 month-ending,6/30/21,302,516574,58.5,
10/6/24,United States,Race and Hispanic origin,"Black, Non-Hispanic",2021,7,12 month-ending,7/31/21,307,516192,59.5,
10/6/24,United States,Race and Hispanic origin,"Black, Non-Hispanic",2021,8,12 month-ending,8/31/21,329,515913,63.8,
10/6/24,United States,Race and Hispanic origin,"Black, Non-Hispanic",2021,9,12 month-ending,9/30/21,355,516778,68.7,
10/6/24,United States,Race and Hispanic origin,"Black, Non-Hispanic",2021,10,12 month-ending,10/31/21,363,516861,70.2,
10/6/24,United States,Race and Hispanic origin,"Black, Non-Hispanic",2021,11,12 month-ending,11/30/21,359,517117,69.4,
10/6/24,United States,Race and Hispanic origin,"Black, Non-Hispanic",2021,12,12 month-ending,12/31/21,362,517889,69.9,
10/6/24,United States,Race and Hispanic origin,"Native Hawaiian or Other Pacific Islander, Non-Hispanic",2021,1,12 month-ending,1/31/21,,9622,,Data counts between 1-9 have been suppressed in accordance with NCHS confidentiality standards.
10/6/24,United States,Race and Hispanic origin,"Native Hawaiian or Other Pacific Islander, Non-Hispanic",2021,2,12 month-ending,2/28/21,,9453,,Data counts between 1-9 have been suppressed in accordance with NCHS confidentiality standards.
10/6/24,United States,Race and Hispanic origin,"Native Hawaiian or Other Pacific Islander, Non-Hispanic",2021,3,12 month-ending,3/31/21,,9411,,Data counts between 1-9 have been suppressed in accordance with NCHS confidentiality standards.
10/6/24,United States,Race and Hispanic origin,"Native Hawaiian or Other Pacific Islander, Non-Hispanic",2021,4,12 month-ending,4/30/21,,9439,,Data counts between 1-9 have been suppressed in accordance with NCHS confidentiality standards.
10/6/24,United States,Race and Hispanic origin,"Native Hawaiian or Other Pacific Islander, Non-Hispanic",2021,5,12 month-ending,5/31/21,,9437,,Data counts between 1-9 have been suppressed in accordance with NCHS confidentiality standards.
10/6/24,United States,Race and Hispanic origin,"Native Hawaiian or Other Pacific Islander, Non-Hispanic",2021,6,12 month-ending,6/30/21,,9413,,Data counts between 1-9 have been suppressed in accordance with NCHS confidentiality standards.
10/6/24,United States,Race and Hispanic origin,"Native Hawaiian or Other Pacific Islander, Non-Hispanic",2021,7,12 month-ending,7/31/21,,9418,,Data counts between 1-9 have been suppressed in accordance with NCHS confidentiality standards.
10/6/24,United States,Race and Hispanic origin,"Native Hawaiian or Other Pacific Islander, Non-Hispanic",2021,8,12 month-ending,8/31/21,,9434,,Data counts between 1-9 have been suppressed in accordance with NCHS confidentiality standards.
10/6/24,United States,Race and Hispanic origin,"Native Hawaiian or Other Pacific Islander, Non-Hispanic",2021,9,12 month-ending,9/30/21,,9487,,Data counts between 1-9 have been suppressed in accordance with NCHS confidentiality standards.
10/6/24,United States,Race and Hispanic origin,"Native Hawaiian or Other Pacific Islander, Non-Hispanic",2021,10,12 month-ending,10/31/21,,9515,,Data counts between 1-9 have been suppressed in accordance with NCHS confidentiality standards.
10/6/24,United States,Race and Hispanic origin,"Native Hawaiian or Other Pacific Islander, Non-Hispanic",2021,11,12 month-ending,11/30/21,,9491,,Data counts between 1-9 have been suppressed in accordance with NCHS confidentiality standards.
10/6/24,United States,Race and Hispanic origin,"Native Hawaiian or Other Pacific Islander, Non-Hispanic",2021,12,12 month-ending,12/31/21,,9531,,Data counts between 1-9 have been suppressed in accordance with NCHS confidentiality standards.
10/6/24,United States,Race and Hispanic origin,"White, Non-Hispanic",2021,1,12 month-ending,1/31/21,357,1833129,19.5,
10/6/24,United States,Race and Hispanic origin,"White, Non-Hispanic",2021,2,12 month-ending,2/28/21,352,1828421,19.3,
10/6/24,United States,Race and Hispanic origin,"White, Non-Hispanic",2021,3,12 month-ending,3/31/21,343,1831864,18.7,
10/6/24,United States,Race and Hispanic origin,"White, Non-Hispanic",2021,4,12 month-ending,4/30/21,362,1835313,19.7,
10/6/24,United States,Race and Hispanic origin,"White, Non-Hispanic",2021,5,12 month-ending,5/31/21,369,1836353,20.1,
10/6/24,United States,Race and Hispanic origin,"White, Non-Hispanic",2021,6,12 month-ending,6/30/21,367,1844316,19.9,
10/6/24,United States,Race and Hispanic origin,"White, Non-Hispanic",2021,7,12 month-ending,7/31/21,369,1847420,20.0,
10/6/24,United States,Race and Hispanic origin,"White, Non-Hispanic",2021,8,12 month-ending,8/31/21,395,1854625,21.3,
10/6/24,United States,Race and Hispanic origin,"White, Non-Hispanic",2021,9,12 month-ending,9/30/21,438,1862046,23.5,
10/6/24,United States,Race and Hispanic origin,"White, Non-Hispanic",2021,10,12 month-ending,10/31/21,461,1867727,24.7,
10/6/24,United States,Race and Hispanic origin,"White, Non-Hispanic",2021,11,12 month-ending,11/30/21,470,1879198,25.0,
10/6/24,United States,Race and Hispanic origin,"White, Non-Hispanic",2021,12,12 month-ending,12/31/21,503,1887656,26.6,
10/6/24,United States,Total,Total,2022,1,12 month-ending,1/31/22,1236,3681963,33.6,
10/6/24,United States,Total,Total,2022,2,12 month-ending,2/28/22,1249,3691335,33.8,
10/6/24,United States,Total,Total,2022,3,12 month-ending,3/31/22,1231,3696102,33.3,
10/6/24,United States,Total,Total,2022,4,12 month-ending,4/30/22,1200,3691554,32.5,
10/6/24,United States,Total,Total,2022,5,12 month-ending,5/31/22,1171,3688218,31.7,
10/6/24,United States,Total,Total,2022,6,12 month-ending,6/30/22,1180,3680380,32.1,
10/6/24,United States,Total,Total,2022,7,12 month-ending,7/31/22,1165,3675085,31.7,
10/6/24,United States,Total,Total,2022,8,12 month-ending,8/31/22,1067,3680726,29.0,
10/6/24,United States,Total,Total,2022,9,12 month-ending,9/30/22,942,3667221,25.7,
10/6/24,United States,Total,Total,2022,10,12 month-ending,10/31/22,894,3658612,24.4,
10/6/24,United States,Total,Total,2022,11,12 month-ending,11/30/22,870,3664030,23.7,
10/6/24,United States,Total,Total,2022,12,12 month-ending,12/31/22,817,3667758,22.3,
10/6/24,United States,Age,Under 25 years,2022,1,12 month-ending,1/31/22,168,798499,21.0,
10/6/24,United States,Age,Under 25 years,2022,2,12 month-ending,2/28/22,171,798098,21.4,
10/6/24,United States,Age,Under 25 years,2022,3,12 month-ending,3/31/22,165,797251,20.7,
10/6/24,United States,Age,Under 25 years,2022,4,12 month-ending,4/30/22,162,794713,20.4,
10/6/24,United States,Age,Under 25 years,2022,5,12 month-ending,5/31/22,158,792215,19.9,
10/6/24,United States,Age,Under 25 years,2022,6,12 month-ending,6/30/22,156,789969,19.7,
10/6/24,United States,Age,Under 25 years,2022,7,12 month-ending,7/31/22,160,788220,20.3,
10/6/24,United States,Age,Under 25 years,2022,8,12 month-ending,8/31/22,150,789397,19.0,
10/6/24,United States,Age,Under 25 years,2022,9,12 month-ending,9/30/22,139,785548,17.7,
10/6/24,United States,Age,Under 25 years,2022,10,12 month-ending,10/31/22,131,782613,16.7,
10/6/24,United States,Age,Under 25 years,2022,11,12 month-ending,11/30/22,123,783891,15.7,
10/6/24,United States,Age,Under 25 years,2022,12,12 month-ending,12/31/22,113,784299,14.4,
10/6/24,United States,Age,25-39 years,2022,1,12 month-ending,1/31/22,877,2745469,31.9,
10/6/24,United States,Age,25-39 years,2022,2,12 month-ending,2/28/22,886,2753946,32.2,
10/6/24,United States,Age,25-39 years,2022,3,12 month-ending,3/31/22,871,2758457,31.6,
10/6/24,United States,Age,25-39 years,2022,4,12 month-ending,4/30/22,856,2756011,31.1,
10/6/24,United States,Age,25-39 years,2022,5,12 month-ending,5/31/22,835,2754395,30.3,
10/6/24,United States,Age,25-39 years,2022,6,12 month-ending,6/30/22,842,2748591,30.6,
10/6/24,United States,Age,25-39 years,2022,7,12 month-ending,7/31/22,823,2744647,30.0,
10/6/24,United States,Age,25-39 years,2022,8,12 month-ending,8/31/22,750,2748484,27.3,
10/6/24,United States,Age,25-39 years,2022,9,12 month-ending,9/30/22,650,2738600,23.7,
10/6/24,United States,Age,25-39 years,2022,10,12 month-ending,10/31/22,616,2732726,22.5,
10/6/24,United States,Age,25-39 years,2022,11,12 month-ending,11/30/22,607,2735974,22.2,
10/6/24,United States,Age,25-39 years,2022,12,12 month-ending,12/31/22,578,2738802,21.1,
10/6/24,United States,Age,40 years and over,2022,1,12 month-ending,1/31/22,191,137995,138.4,
10/6/24,United States,Age,40 years and over,2022,2,12 month-ending,2/28/22,192,139291,137.8,
10/6/24,United States,Age,40 years and over,2022,3,12 month-ending,3/31/22,195,140394,138.9,
10/6/24,United States,Age,40 years and over,2022,4,12 month-ending,4/30/22,182,140830,129.2,
10/6/24,United States,Age,40 years and over,2022,5,12 month-ending,5/31/22,178,141608,125.7,
10/6/24,United States,Age,40 years and over,2022,6,12 month-ending,6/30/22,182,141820,128.3,
10/6/24,United States,Age,40 years and over,2022,7,12 month-ending,7/31/22,182,142218,128.0,
10/6/24,United States,Age,40 years and over,2022,8,12 month-ending,8/31/22,167,142845,116.9,
10/6/24,United States,Age,40 years and over,2022,9,12 month-ending,9/30/22,153,143073,106.9,
10/6/24,United States,Age,40 years and over,2022,10,12 month-ending,10/31/22,147,143273,102.6,
10/6/24,United States,Age,40 years and over,2022,11,12 month-ending,11/30/22,140,144165,97.1,
10/6/24,United States,Age,40 years and over,2022,12,12 month-ending,12/31/22,126,144657,87.1,
10/6/24,United States,Race and Hispanic origin,Hispanic,2022,1,12 month-ending,1/31/22,251,896321,28.0,
10/6/24,United States,Race and Hispanic origin,Hispanic,2022,2,12 month-ending,2/28/22,248,903407,27.5,
10/6/24,United States,Race and Hispanic origin,Hispanic,2022,3,12 month-ending,3/31/22,245,909698,26.9,
10/6/24,United States,Race and Hispanic origin,Hispanic,2022,4,12 month-ending,4/30/22,242,912392,26.5,
10/6/24,United States,Race and Hispanic origin,Hispanic,2022,5,12 month-ending,5/31/22,240,915616,26.2,
10/6/24,United States,Race and Hispanic origin,Hispanic,2022,6,12 month-ending,6/30/22,245,918568,26.7,
10/6/24,United States,Race and Hispanic origin,Hispanic,2022,7,12 month-ending,7/31/22,240,922141,26.0,
10/6/24,United States,Race and Hispanic origin,Hispanic,2022,8,12 month-ending,8/31/22,216,928342,23.3,
10/6/24,United States,Race and Hispanic origin,Hispanic,2022,9,12 month-ending,9/30/22,184,928585,19.8,
10/6/24,United States,Race and Hispanic origin,Hispanic,2022,10,12 month-ending,10/31/22,168,930032,18.1,
10/6/24,United States,Race and Hispanic origin,Hispanic,2022,11,12 month-ending,11/30/22,155,934331,16.6,
10/6/24,United States,Race and Hispanic origin,Hispanic,2022,12,12 month-ending,12/31/22,158,937421,16.9,
10/6/24,United States,Race and Hispanic origin,"American Indian or Alaska Native, Non-Hispanic",2022,1,12 month-ending,1/31/22,29,26168,110.8,
10/6/24,United States,Race and Hispanic origin,"American Indian or Alaska Native, Non-Hispanic",2022,2,12 month-ending,2/28/22,27,26173,103.2,
10/6/24,United States,Race and Hispanic origin,"American Indian or Alaska Native, Non-Hispanic",2022,3,12 month-ending,3/31/22,26,26170,99.4,
10/6/24,United States,Race and Hispanic origin,"American Indian or Alaska Native, Non-Hispanic",2022,4,12 month-ending,4/30/22,26,25945,100.2,
10/6/24,United States,Race and Hispanic origin,"American Indian or Alaska Native, Non-Hispanic",2022,5,12 month-ending,5/31/22,24,25971,92.4,
10/6/24,United States,Race and Hispanic origin,"American Indian or Alaska Native, Non-Hispanic",2022,6,12 month-ending,6/30/22,24,25858,92.8,
10/6/24,United States,Race and Hispanic origin,"American Indian or Alaska Native, Non-Hispanic",2022,7,12 month-ending,7/31/22,23,25812,89.1,
10/6/24,United States,Race and Hispanic origin,"American Indian or Alaska Native, Non-Hispanic",2022,8,12 month-ending,8/31/22,20,25776,77.6,
10/6/24,United States,Race and Hispanic origin,"American Indian or Alaska Native, Non-Hispanic",2022,9,12 month-ending,9/30/22,19,25593,,Rates for deaths counts <20 are unreliable.
10/6/24,United States,Race and Hispanic origin,"American Indian or Alaska Native, Non-Hispanic",2022,10,12 month-ending,10/31/22,19,25514,,Rates for deaths counts <20 are unreliable.
10/6/24,United States,Race and Hispanic origin,"American Indian or Alaska Native, Non-Hispanic",2022,11,12 month-ending,11/30/22,17,25659,,Rates for deaths counts <20 are unreliable.
10/6/24,United States,Race and Hispanic origin,"American Indian or Alaska Native, Non-Hispanic",2022,12,12 month-ending,12/31/22,12,25721,,Rates for deaths counts <20 are unreliable.
10/6/24,United States,Race and Hispanic origin,"Asian, Non-Hispanic",2022,1,12 month-ending,1/31/22,41,215574,19.0,
10/6/24,United States,Race and Hispanic origin,"Asian, Non-Hispanic",2022,2,12 month-ending,2/28/22,42,216715,19.4,
10/6/24,United States,Race and Hispanic origin,"Asian, Non-Hispanic",2022,3,12 month-ending,3/31/22,43,217264,19.8,
10/6/24,United States,Race and Hispanic origin,"Asian, Non-Hispanic",2022,4,12 month-ending,4/30/22,43,217629,19.8,
10/6/24,United States,Race and Hispanic origin,"Asian, Non-Hispanic",2022,5,12 month-ending,5/31/22,42,218588,19.2,
10/6/24,United States,Race and Hispanic origin,"Asian, Non-Hispanic",2022,6,12 month-ending,6/30/22,39,218386,17.9,
10/6/24,United States,Race and Hispanic origin,"Asian, Non-Hispanic",2022,7,12 month-ending,7/31/22,39,218255,17.9,
10/6/24,United States,Race and Hispanic origin,"Asian, Non-Hispanic",2022,8,12 month-ending,8/31/22,36,218541,16.5,
10/6/24,United States,Race and Hispanic origin,"Asian, Non-Hispanic",2022,9,12 month-ending,9/30/22,34,218405,15.6,
10/6/24,United States,Race and Hispanic origin,"Asian, Non-Hispanic",2022,10,12 month-ending,10/31/22,34,218194,15.6,
10/6/24,United States,Race and Hispanic origin,"Asian, Non-Hispanic",2022,11,12 month-ending,11/30/22,35,218582,16.0,
10/6/24,United States,Race and Hispanic origin,"Asian, Non-Hispanic",2022,12,12 month-ending,12/31/22,29,218994,13.2,
10/6/24,United States,Race and Hispanic origin,"Black, Non-Hispanic",2022,1,12 month-ending,1/31/22,374,519334,72.0,
10/6/24,United States,Race and Hispanic origin,"Black, Non-Hispanic",2022,2,12 month-ending,2/28/22,378,519970,72.7,
10/6/24,United States,Race and Hispanic origin,"Black, Non-Hispanic",2022,3,12 month-ending,3/31/22,365,520923,70.1,
10/6/24,United States,Race and Hispanic origin,"Black, Non-Hispanic",2022,4,12 month-ending,4/30/22,356,520610,68.4,
10/6/24,United States,Race and Hispanic origin,"Black, Non-Hispanic",2022,5,12 month-ending,5/31/22,346,519449,66.6,
10/6/24,United States,Race and Hispanic origin,"Black, Non-Hispanic",2022,6,12 month-ending,6/30/22,340,517957,65.6,
10/6/24,United States,Race and Hispanic origin,"Black, Non-Hispanic",2022,7,12 month-ending,7/31/22,332,516469,64.3,
10/6/24,United States,Race and Hispanic origin,"Black, Non-Hispanic",2022,8,12 month-ending,8/31/22,307,516914,59.4,
10/6/24,United States,Race and Hispanic origin,"Black, Non-Hispanic",2022,9,12 month-ending,9/30/22,275,513223,53.6,
10/6/24,United States,Race and Hispanic origin,"Black, Non-Hispanic",2022,10,12 month-ending,10/31/22,265,510428,51.9,
10/6/24,United States,Race and Hispanic origin,"Black, Non-Hispanic",2022,11,12 month-ending,11/30/22,270,511342,52.8,
10/6/24,United States,Race and Hispanic origin,"Black, Non-Hispanic",2022,12,12 month-ending,12/31/22,253,511439,49.5,
10/6/24,United States,Race and Hispanic origin,"Native Hawaiian or Other Pacific Islander, Non-Hispanic",2022,1,12 month-ending,1/31/22,,9583,,Data counts between 1-9 have been suppressed in accordance with NCHS confidentiality standards.
10/6/24,United States,Race and Hispanic origin,"Native Hawaiian or Other Pacific Islander, Non-Hispanic",2022,2,12 month-ending,2/28/22,,9710,,Data counts between 1-9 have been suppressed in accordance with NCHS confidentiality standards.
10/6/24,United States,Race and Hispanic origin,"Native Hawaiian or Other Pacific Islander, Non-Hispanic",2022,3,12 month-ending,3/31/22,,9799,,Data counts between 1-9 have been suppressed in accordance with NCHS confidentiality standards.
10/6/24,United States,Race and Hispanic origin,"Native Hawaiian or Other Pacific Islander, Non-Hispanic",2022,4,12 month-ending,4/30/22,,9835,,Data counts between 1-9 have been suppressed in accordance with NCHS confidentiality standards.
10/6/24,United States,Race and Hispanic origin,"Native Hawaiian or Other Pacific Islander, Non-Hispanic",2022,5,12 month-ending,5/31/22,,9834,,Data counts between 1-9 have been suppressed in accordance with NCHS confidentiality standards.
10/6/24,United States,Race and Hispanic origin,"Native Hawaiian or Other Pacific Islander, Non-Hispanic",2022,6,12 month-ending,6/30/22,,10023,,Data counts between 1-9 have been suppressed in accordance with NCHS confidentiality standards.
10/6/24,United States,Race and Hispanic origin,"Native Hawaiian or Other Pacific Islander, Non-Hispanic",2022,7,12 month-ending,7/31/22,,10053,,Data counts between 1-9 have been suppressed in accordance with NCHS confidentiality standards.
10/6/24,United States,Race and Hispanic origin,"Native Hawaiian or Other Pacific Islander, Non-Hispanic",2022,8,12 month-ending,8/31/22,,10067,,Data counts between 1-9 have been suppressed in accordance with NCHS confidentiality standards.
10/6/24,United States,Race and Hispanic origin,"Native Hawaiian or Other Pacific Islander, Non-Hispanic",2022,9,12 month-ending,9/30/22,,10071,,Data counts between 1-9 have been suppressed in accordance with NCHS confidentiality standards.
10/6/24,United States,Race and Hispanic origin,"Native Hawaiian or Other Pacific Islander, Non-Hispanic",2022,10,12 month-ending,10/31/22,,10016,,Data counts between 1-9 have been suppressed in accordance with NCHS confidentiality standards.
10/6/24,United States,Race and Hispanic origin,"Native Hawaiian or Other Pacific Islander, Non-Hispanic",2022,11,12 month-ending,11/30/22,,10034,,Data counts between 1-9 have been suppressed in accordance with NCHS confidentiality standards.
10/6/24,United States,Race and Hispanic origin,"Native Hawaiian or Other Pacific Islander, Non-Hispanic",2022,12,12 month-ending,12/31/22,,10122,,Data counts between 1-9 have been suppressed in accordance with NCHS confidentiality standards.
10/6/24,United States,Race and Hispanic origin,"White, Non-Hispanic",2022,1,12 month-ending,1/31/22,517,1890702,27.3,
10/6/24,United States,Race and Hispanic origin,"White, Non-Hispanic",2022,2,12 month-ending,2/28/22,529,1890441,28.0,
10/6/24,United States,Race and Hispanic origin,"White, Non-Hispanic",2022,3,12 month-ending,3/31/22,528,1887134,28.0,
10/6/24,United States,Race and Hispanic origin,"White, Non-Hispanic",2022,4,12 month-ending,4/30/22,508,1880430,27.0,
10/6/24,United States,Race and Hispanic origin,"White, Non-Hispanic",2022,5,12 month-ending,5/31/22,494,1874466,26.4,
10/6/24,United States,Race and Hispanic origin,"White, Non-Hispanic",2022,6,12 month-ending,6/30/22,506,1865433,27.1,
10/6/24,United States,Race and Hispanic origin,"White, Non-Hispanic",2022,7,12 month-ending,7/31/22,504,1858773,27.1,
10/6/24,United States,Race and Hispanic origin,"White, Non-Hispanic",2022,8,12 month-ending,8/31/22,468,1857597,25.2,
10/6/24,United States,Race and Hispanic origin,"White, Non-Hispanic",2022,9,12 month-ending,9/30/22,411,1848206,22.2,
10/6/24,United States,Race and Hispanic origin,"White, Non-Hispanic",2022,10,12 month-ending,10/31/22,392,1841746,21.3,
10/6/24,United States,Race and Hispanic origin,"White, Non-Hispanic",2022,11,12 month-ending,11/30/22,380,1841035,20.6,
10/6/24,United States,Race and Hispanic origin,"White, Non-Hispanic",2022,12,12 month-ending,12/31/22,350,1840739,19.0,
10/6/24,United States,Total,Total,2023,1,12 month-ending,1/31/23,766,3672380,20.9,
10/6/24,United States,Total,Total,2023,2,12 month-ending,2/28/23,755,3667498,20.6,
10/6/24,United States,Total,Total,2023,3,12 month-ending,3/31/23,762,3659394,20.8,
10/6/24,United States,Total,Total,2023,4,12 month-ending,4/30/23,758,3649364,20.8,
10/6/24,United States,Total,Total,2023,5,12 month-ending,5/31/23,732,3651333,20.0,
10/6/24,United States,Total,Total,2023,6,12 month-ending,6/30/23,716,3648896,19.6,
10/6/24,United States,Total,Total,2023,7,12 month-ending,7/31/23,704,3639671,19.3,
10/6/24,United States,Total,Total,2023,8,12 month-ending,8/31/23,688,3626120,19.0,
10/6/24,United States,Total,Total,2023,9,12 month-ending,9/30/23,689,3619396,19.0,
10/6/24,United States,Total,Total,2023,10,12 month-ending,10/31/23,676,3621708,18.7,
10/6/24,United States,Total,Total,2023,11,12 month-ending,11/30/23,669,3612788,18.5,
10/6/24,United States,Total,Total,2023,12,12 month-ending,12/31/23,673,3596017,18.7,
10/6/24,United States,Age,Under 25 years,2023,1,12 month-ending,1/31/23,106,785165,13.5,
10/6/24,United States,Age,Under 25 years,2023,2,12 month-ending,2/28/23,98,784316,12.5,
10/6/24,United States,Age,Under 25 years,2023,3,12 month-ending,3/31/23,102,783299,13.0,
10/6/24,United States,Age,Under 25 years,2023,4,12 month-ending,4/30/23,99,780785,12.7,
10/6/24,United States,Age,Under 25 years,2023,5,12 month-ending,5/31/23,96,781147,12.3,
10/6/24,United States,Age,Under 25 years,2023,6,12 month-ending,6/30/23,92,779506,11.8,
10/6/24,United States,Age,Under 25 years,2023,7,12 month-ending,7/31/23,92,775979,11.9,
10/6/24,United States,Age,Under 25 years,2023,8,12 month-ending,8/31/23,88,771289,11.4,
10/6/24,United States,Age,Under 25 years,2023,9,12 month-ending,9/30/23,91,768147,11.8,
10/6/24,United States,Age,Under 25 years,2023,10,12 month-ending,10/31/23,90,767395,11.7,
10/6/24,United States,Age,Under 25 years,2023,11,12 month-ending,11/30/23,94,764225,12.3,
10/6/24,United States,Age,Under 25 years,2023,12,12 month-ending,12/31/23,96,759713,12.6,
10/6/24,United States,Age,25-39 years,2023,1,12 month-ending,1/31/23,544,2741827,19.8,
10/6/24,United States,Age,25-39 years,2023,2,12 month-ending,2/28/23,545,2737685,19.9,
10/6/24,United States,Age,25-39 years,2023,3,12 month-ending,3/31/23,550,2730700,20.1,
10/6/24,United States,Age,25-39 years,2023,4,12 month-ending,4/30/23,553,2723125,20.3,
10/6/24,United States,Age,25-39 years,2023,5,12 month-ending,5/31/23,537,2724172,19.7,
10/6/24,United States,Age,25-39 years,2023,6,12 month-ending,6/30/23,528,2722913,19.4,
10/6/24,United States,Age,25-39 years,2023,7,12 month-ending,7/31/23,520,2717280,19.1,
10/6/24,United States,Age,25-39 years,2023,8,12 month-ending,8/31/23,506,2708231,18.7,
10/6/24,United States,Age,25-39 years,2023,9,12 month-ending,9/30/23,510,2704432,18.9,
10/6/24,United States,Age,25-39 years,2023,10,12 month-ending,10/31/23,503,2706877,18.6,
10/6/24,United States,Age,25-39 years,2023,11,12 month-ending,11/30/23,492,2701223,18.2,
10/6/24,United States,Age,25-39 years,2023,12,12 month-ending,12/31/23,488,2689250,18.1,
10/6/24,United States,Age,40 years and over,2023,1,12 month-ending,1/31/23,116,145388,79.8,
10/6/24,United States,Age,40 years and over,2023,2,12 month-ending,2/28/23,112,145497,77.0,
10/6/24,United States,Age,40 years and over,2023,3,12 month-ending,3/31/23,110,145395,75.7,
10/6/24,United States,Age,40 years and over,2023,4,12 month-ending,4/30/23,106,145454,72.9,
10/6/24,United States,Age,40 years and over,2023,5,12 month-ending,5/31/23,99,146014,67.8,
10/6/24,United States,Age,40 years and over,2023,6,12 month-ending,6/30/23,96,146477,65.5,
10/6/24,United States,Age,40 years and over,2023,7,12 month-ending,7/31/23,92,146412,62.8,
10/6/24,United States,Age,40 years and over,2023,8,12 month-ending,8/31/23,94,146600,64.1,
10/6/24,United States,Age,40 years and over,2023,9,12 month-ending,9/30/23,88,146817,59.9,
10/6/24,United States,Age,40 years and over,2023,10,12 month-ending,10/31/23,83,147436,56.3,
10/6/24,United States,Age,40 years and over,2023,11,12 month-ending,11/30/23,83,147340,56.3,
10/6/24,United States,Age,40 years and over,2023,12,12 month-ending,12/31/23,89,147054,60.5,
10/6/24,United States,Race and Hispanic origin,Hispanic,2023,1,12 month-ending,1/31/23,145,939675,15.4,
10/6/24,United States,Race and Hispanic origin,Hispanic,2023,2,12 month-ending,2/28/23,143,940576,15.2,
10/6/24,United States,Race and Hispanic origin,Hispanic,2023,3,12 month-ending,3/31/23,139,940527,14.8,
10/6/24,United States,Race and Hispanic origin,Hispanic,2023,4,12 month-ending,4/30/23,142,940544,15.1,
10/6/24,United States,Race and Hispanic origin,Hispanic,2023,5,12 month-ending,5/31/23,135,943168,14.3,
10/6/24,United States,Race and Hispanic origin,Hispanic,2023,6,12 month-ending,6/30/23,130,944155,13.8,
10/6/24,United States,Race and Hispanic origin,Hispanic,2023,7,12 month-ending,7/31/23,126,943767,13.4,
10/6/24,United States,Race and Hispanic origin,Hispanic,2023,8,12 month-ending,8/31/23,126,942753,13.4,
10/6/24,United States,Race and Hispanic origin,Hispanic,2023,9,12 month-ending,9/30/23,130,943892,13.8,
10/6/24,United States,Race and Hispanic origin,Hispanic,2023,10,12 month-ending,10/31/23,128,946498,13.5,
10/6/24,United States,Race and Hispanic origin,Hispanic,2023,11,12 month-ending,11/30/23,125,947224,13.2,
10/6/24,United States,Race and Hispanic origin,Hispanic,2023,12,12 month-ending,12/31/23,119,945200,12.6,
10/6/24,United States,Race and Hispanic origin,"American Indian or Alaska Native, Non-Hispanic",2023,1,12 month-ending,1/31/23,10,25762,,Rates for deaths counts <20 are unreliable.
10/6/24,United States,Race and Hispanic origin,"American Indian or Alaska Native, Non-Hispanic",2023,2,12 month-ending,2/28/23,10,25677,,Rates for deaths counts <20 are unreliable.
10/6/24,United States,Race and Hispanic origin,"American Indian or Alaska Native, Non-Hispanic",2023,3,12 month-ending,3/31/23,13,25558,,Rates for deaths counts <20 are unreliable.
10/6/24,United States,Race and Hispanic origin,"American Indian or Alaska Native, Non-Hispanic",2023,4,12 month-ending,4/30/23,13,25546,,Rates for deaths counts <20 are unreliable.
10/6/24,United States,Race and Hispanic origin,"American Indian or Alaska Native, Non-Hispanic",2023,5,12 month-ending,5/31/23,12,25483,,Rates for deaths counts <20 are unreliable.
10/6/24,United States,Race and Hispanic origin,"American Indian or Alaska Native, Non-Hispanic",2023,6,12 month-ending,6/30/23,12,25326,,Rates for deaths counts <20 are unreliable.
10/6/24,United States,Race and Hispanic origin,"American Indian or Alaska Native, Non-Hispanic",2023,7,12 month-ending,7/31/23,,25147,,Data counts between 1-9 have been suppressed in accordance with NCHS confidentiality standards.
10/6/24,United States,Race and Hispanic origin,"American Indian or Alaska Native, Non-Hispanic",2023,8,12 month-ending,8/31/23,,24970,,Data counts between 1-9 have been suppressed in accordance with NCHS confidentiality standards.
10/6/24,United States,Race and Hispanic origin,"American Indian or Alaska Native, Non-Hispanic",2023,9,12 month-ending,9/30/23,,24910,,Data counts between 1-9 have been suppressed in accordance with NCHS confidentiality standards.
10/6/24,United States,Race and Hispanic origin,"American Indian or Alaska Native, Non-Hispanic",2023,10,12 month-ending,10/31/23,10,24850,,Rates for deaths counts <20 are unreliable.
10/6/24,United States,Race and Hispanic origin,"American Indian or Alaska Native, Non-Hispanic",2023,11,12 month-ending,11/30/23,10,24752,,Rates for deaths counts <20 are unreliable.
10/6/24,United States,Race and Hispanic origin,"American Indian or Alaska Native, Non-Hispanic",2023,12,12 month-ending,12/31/23,10,24571,,Rates for deaths counts <20 are unreliable.
10/6/24,United States,Race and Hispanic origin,"Asian, Non-Hispanic",2023,1,12 month-ending,1/31/23,23,219472,10.5,
10/6/24,United States,Race and Hispanic origin,"Asian, Non-Hispanic",2023,2,12 month-ending,2/28/23,22,218984,10.0,
10/6/24,United States,Race and Hispanic origin,"Asian, Non-Hispanic",2023,3,12 month-ending,3/31/23,20,218594,9.1,
10/6/24,United States,Race and Hispanic origin,"Asian, Non-Hispanic",2023,4,12 month-ending,4/30/23,23,217879,10.6,
10/6/24,United States,Race and Hispanic origin,"Asian, Non-Hispanic",2023,5,12 month-ending,5/31/23,21,217336,9.7,
10/6/24,United States,Race and Hispanic origin,"Asian, Non-Hispanic",2023,6,12 month-ending,6/30/23,22,217411,10.1,
10/6/24,United States,Race and Hispanic origin,"Asian, Non-Hispanic",2023,7,12 month-ending,7/31/23,25,217011,11.5,
10/6/24,United States,Race and Hispanic origin,"Asian, Non-Hispanic",2023,8,12 month-ending,8/31/23,24,216558,11.1,
10/6/24,United States,Race and Hispanic origin,"Asian, Non-Hispanic",2023,9,12 month-ending,9/30/23,22,216260,10.2,
10/6/24,United States,Race and Hispanic origin,"Asian, Non-Hispanic",2023,10,12 month-ending,10/31/23,22,216760,10.1,
10/6/24,United States,Race and Hispanic origin,"Asian, Non-Hispanic",2023,11,12 month-ending,11/30/23,22,216451,10.2,
10/6/24,United States,Race and Hispanic origin,"Asian, Non-Hispanic",2023,12,12 month-ending,12/31/23,23,215738,10.7,
10/6/24,United States,Race and Hispanic origin,"Black, Non-Hispanic",2023,1,12 month-ending,1/31/23,243,512189,47.4,
10/6/24,United States,Race and Hispanic origin,"Black, Non-Hispanic",2023,2,12 month-ending,2/28/23,245,511531,47.9,
10/6/24,United States,Race and Hispanic origin,"Black, Non-Hispanic",2023,3,12 month-ending,3/31/23,261,509746,51.2,
10/6/24,United States,Race and Hispanic origin,"Black, Non-Hispanic",2023,4,12 month-ending,4/30/23,261,507455,51.4,
10/6/24,United States,Race and Hispanic origin,"Black, Non-Hispanic",2023,5,12 month-ending,5/31/23,250,507048,49.3,
10/6/24,United States,Race and Hispanic origin,"Black, Non-Hispanic",2023,6,12 month-ending,6/30/23,250,506023,49.4,
10/6/24,United States,Race and Hispanic origin,"Black, Non-Hispanic",2023,7,12 month-ending,7/31/23,254,503580,50.4,
10/6/24,United States,Race and Hispanic origin,"Black, Non-Hispanic",2023,8,12 month-ending,8/31/23,242,499974,48.4,
10/6/24,United States,Race and Hispanic origin,"Black, Non-Hispanic",2023,9,12 month-ending,9/30/23,241,498838,48.3,
10/6/24,United States,Race and Hispanic origin,"Black, Non-Hispanic",2023,10,12 month-ending,10/31/23,236,498527,47.3,
10/6/24,United States,Race and Hispanic origin,"Black, Non-Hispanic",2023,11,12 month-ending,11/30/23,241,495373,48.7,
10/6/24,United States,Race and Hispanic origin,"Black, Non-Hispanic",2023,12,12 month-ending,12/31/23,248,491494,50.5,
10/6/24,United States,Race and Hispanic origin,"Native Hawaiian or Other Pacific Islander, Non-Hispanic",2023,1,12 month-ending,1/31/23,,10066,,Data counts between 1-9 have been suppressed in accordance with NCHS confidentiality standards.
10/6/24,United States,Race and Hispanic origin,"Native Hawaiian or Other Pacific Islander, Non-Hispanic",2023,2,12 month-ending,2/28/23,,10109,,Data counts between 1-9 have been suppressed in accordance with NCHS confidentiality standards.
10/6/24,United States,Race and Hispanic origin,"Native Hawaiian or Other Pacific Islander, Non-Hispanic",2023,3,12 month-ending,3/31/23,,10163,,Data counts between 1-9 have been suppressed in accordance with NCHS confidentiality standards.
10/6/24,United States,Race and Hispanic origin,"Native Hawaiian or Other Pacific Islander, Non-Hispanic",2023,4,12 month-ending,4/30/23,,10173,,Data counts between 1-9 have been suppressed in accordance with NCHS confidentiality standards.
10/6/24,United States,Race and Hispanic origin,"Native Hawaiian or Other Pacific Islander, Non-Hispanic",2023,5,12 month-ending,5/31/23,,10162,,Data counts between 1-9 have been suppressed in accordance with NCHS confidentiality standards.
10/6/24,United States,Race and Hispanic origin,"Native Hawaiian or Other Pacific Islander, Non-Hispanic",2023,6,12 month-ending,6/30/23,,10139,,Data counts between 1-9 have been suppressed in accordance with NCHS confidentiality standards.
10/6/24,United States,Race and Hispanic origin,"Native Hawaiian or Other Pacific Islander, Non-Hispanic",2023,7,12 month-ending,7/31/23,,10104,,Data counts between 1-9 have been suppressed in accordance with NCHS confidentiality standards.
10/6/24,United States,Race and Hispanic origin,"Native Hawaiian or Other Pacific Islander, Non-Hispanic",2023,8,12 month-ending,8/31/23,,10150,,Data counts between 1-9 have been suppressed in accordance with NCHS confidentiality standards.
10/6/24,United States,Race and Hispanic origin,"Native Hawaiian or Other Pacific Islander, Non-Hispanic",2023,9,12 month-ending,9/30/23,,10139,,Data counts between 1-9 have been suppressed in accordance with NCHS confidentiality standards.
10/6/24,United States,Race and Hispanic origin,"Native Hawaiian or Other Pacific Islander, Non-Hispanic",2023,10,12 month-ending,10/31/23,,10203,,Data counts between 1-9 have been suppressed in accordance with NCHS confidentiality standards.
10/6/24,United States,Race and Hispanic origin,"Native Hawaiian or Other Pacific Islander, Non-Hispanic",2023,11,12 month-ending,11/30/23,,10273,,Data counts between 1-9 have been suppressed in accordance with NCHS confidentiality standards.
10/6/24,United States,Race and Hispanic origin,"Native Hawaiian or Other Pacific Islander, Non-Hispanic",2023,12,12 month-ending,12/31/23,,10115,,Data counts between 1-9 have been suppressed in accordance with NCHS confidentiality standards.
10/6/24,United States,Race and Hispanic origin,"White, Non-Hispanic",2023,1,12 month-ending,1/31/23,331,1842042,18.0,
10/6/24,United States,Race and Hispanic origin,"White, Non-Hispanic",2023,2,12 month-ending,2/28/23,320,1837788,17.4,
10/6/24,United States,Race and Hispanic origin,"White, Non-Hispanic",2023,3,12 month-ending,3/31/23,313,1832410,17.1,
10/6/24,United States,Race and Hispanic origin,"White, Non-Hispanic",2023,4,12 month-ending,4/30/23,304,1825878,16.6,
10/6/24,United States,Race and Hispanic origin,"White, Non-Hispanic",2023,5,12 month-ending,5/31/23,299,1826125,16.4,
10/6/24,United States,Race and Hispanic origin,"White, Non-Hispanic",2023,6,12 month-ending,6/30/23,287,1823964,15.7,
10/6/24,United States,Race and Hispanic origin,"White, Non-Hispanic",2023,7,12 month-ending,7/31/23,276,1818148,15.2,
10/6/24,United States,Race and Hispanic origin,"White, Non-Hispanic",2023,8,12 month-ending,8/31/23,273,1810018,15.1,
10/6/24,United States,Race and Hispanic origin,"White, Non-Hispanic",2023,9,12 month-ending,9/30/23,273,1803779,15.1,
10/6/24,United States,Race and Hispanic origin,"White, Non-Hispanic",2023,10,12 month-ending,10/31/23,266,1802799,14.8,
10/6/24,United States,Race and Hispanic origin,"White, Non-Hispanic",2023,11,12 month-ending,11/30/23,255,1796819,14.2,
10/6/24,United States,Race and Hispanic origin,"White, Non-Hispanic",2023,12,12 month-ending,12/31/23,260,1787051,14.5,
10/6/24,United States,Total,Total,2024,1,12 month-ending,1/31/24,677,3593343,18.8,
10/6/24,United States,Total,Total,2024,2,12 month-ending,2/29/24,677,3605397,18.8,
10/6/24,United States,Total,Total,2024,3,12 month-ending,3/31/24,679,3603731,18.8,
10/6/24,United States,Total,Total,2024,4,12 month-ending,4/30/24,678,3614225,18.8,
10/6/24,United States,Total,Total,2024,5,12 month-ending,5/31/24,706,3617384,19.5,
10/6/24,United States,Total,Total,2024,6,12 month-ending,6/30/24,708,3606518,19.6,
10/6/24,United States,Age,Under 25 years,2024,1,12 month-ending,1/31/24,101,757477,13.3,
10/6/24,United States,Age,Under 25 years,2024,2,12 month-ending,2/29/24,108,758592,14.2,
10/6/24,United States,Age,Under 25 years,2024,3,12 month-ending,3/31/24,112,756342,14.8,
10/6/24,United States,Age,Under 25 years,2024,4,12 month-ending,4/30/24,116,757250,15.3,
10/6/24,United States,Age,Under 25 years,2024,5,12 month-ending,5/31/24,124,755991,16.4,
10/6/24,United States,Age,Under 25 years,2024,6,12 month-ending,6/30/24,124,753524,16.5,
10/6/24,United States,Age,25-39 years,2024,1,12 month-ending,1/31/24,477,2688632,17.7,
10/6/24,United States,Age,25-39 years,2024,2,12 month-ending,2/29/24,471,2698498,17.5,
10/6/24,United States,Age,25-39 years,2024,3,12 month-ending,3/31/24,466,2698616,17.3,
10/6/24,United States,Age,25-39 years,2024,4,12 month-ending,4/30/24,461,2707548,17.0,
10/6/24,United States,Age,25-39 years,2024,5,12 month-ending,5/31/24,474,2711562,17.5,
10/6/24,United States,Age,25-39 years,2024,6,12 month-ending,6/30/24,472,2703447,17.5,
10/6/24,United States,Age,40 years and over,2024,1,12 month-ending,1/31/24,99,147234,67.2,
10/6/24,United States,Age,40 years and over,2024,2,12 month-ending,2/29/24,98,148307,66.1,
10/6/24,United States,Age,40 years and over,2024,3,12 month-ending,3/31/24,101,148773,67.9,
10/6/24,United States,Age,40 years and over,2024,4,12 month-ending,4/30/24,101,149427,67.6,
10/6/24,United States,Age,40 years and over,2024,5,12 month-ending,5/31/24,108,149831,72.1,
10/6/24,United States,Age,40 years and over,2024,6,12 month-ending,6/30/24,112,149547,74.9,
10/6/24,United States,Race and Hispanic origin,Hispanic,2024,1,12 month-ending,1/31/24,124,946766,13.1,
10/6/24,United States,Race and Hispanic origin,Hispanic,2024,2,12 month-ending,2/29/24,127,952049,13.3,
10/6/24,United States,Race and Hispanic origin,Hispanic,2024,3,12 month-ending,3/31/24,130,953656,13.6,
10/6/24,United States,Race and Hispanic origin,Hispanic,2024,4,12 month-ending,4/30/24,127,958285,13.3,
10/6/24,United States,Race and Hispanic origin,Hispanic,2024,5,12 month-ending,5/31/24,129,961115,13.4,
10/6/24,United States,Race and Hispanic origin,Hispanic,2024,6,12 month-ending,6/30/24,133,962301,13.8,
10/6/24,United States,Race and Hispanic origin,"American Indian or Alaska Native, Non-Hispanic",2024,1,12 month-ending,1/31/24,11,24391,,Rates for deaths counts <20 are unreliable.
10/6/24,United States,Race and Hispanic origin,"American Indian or Alaska Native, Non-Hispanic",2024,2,12 month-ending,2/29/24,11,24495,,Rates for deaths counts <20 are unreliable.
10/6/24,United States,Race and Hispanic origin,"American Indian or Alaska Native, Non-Hispanic",2024,3,12 month-ending,3/31/24,11,24486,,Rates for deaths counts <20 are unreliable.
10/6/24,United States,Race and Hispanic origin,"American Indian or Alaska Native, Non-Hispanic",2024,4,12 month-ending,4/30/24,12,24470,,Rates for deaths counts <20 are unreliable.
10/6/24,United States,Race and Hispanic origin,"American Indian or Alaska Native, Non-Hispanic",2024,5,12 month-ending,5/31/24,12,24400,,Rates for deaths counts <20 are unreliable.
10/6/24,United States,Race and Hispanic origin,"American Indian or Alaska Native, Non-Hispanic",2024,6,12 month-ending,6/30/24,11,24360,,Rates for deaths counts <20 are unreliable.
10/6/24,United States,Race and Hispanic origin,"Asian, Non-Hispanic",2024,1,12 month-ending,1/31/24,26,216125,12.0,
10/6/24,United States,Race and Hispanic origin,"Asian, Non-Hispanic",2024,2,12 month-ending,2/29/24,28,217389,12.9,
10/6/24,United States,Race and Hispanic origin,"Asian, Non-Hispanic",2024,3,12 month-ending,3/31/24,31,217992,14.2,
10/6/24,United States,Race and Hispanic origin,"Asian, Non-Hispanic",2024,4,12 month-ending,4/30/24,31,218787,14.2,
10/6/24,United States,Race and Hispanic origin,"Asian, Non-Hispanic",2024,5,12 month-ending,5/31/24,32,219702,14.6,
10/6/24,United States,Race and Hispanic origin,"Asian, Non-Hispanic",2024,6,12 month-ending,6/30/24,32,219493,14.6,
10/6/24,United States,Race and Hispanic origin,"Black, Non-Hispanic",2024,1,12 month-ending,1/31/24,245,488317,50.2,
10/6/24,United States,Race and Hispanic origin,"Black, Non-Hispanic",2024,2,12 month-ending,2/29/24,238,487523,48.8,
10/6/24,United States,Race and Hispanic origin,"Black, Non-Hispanic",2024,3,12 month-ending,3/31/24,230,485503,47.4,
10/6/24,United States,Race and Hispanic origin,"Black, Non-Hispanic",2024,4,12 month-ending,4/30/24,228,484680,47.0,
10/6/24,United States,Race and Hispanic origin,"Black, Non-Hispanic",2024,5,12 month-ending,5/31/24,246,483670,50.9,
10/6/24,United States,Race and Hispanic origin,"Black, Non-Hispanic",2024,6,12 month-ending,6/30/24,246,480462,51.2,
10/6/24,United States,Race and Hispanic origin,"Native Hawaiian or Other Pacific Islander, Non-Hispanic",2024,1,12 month-ending,1/31/24,,10206,,Data counts between 1-9 have been suppressed in accordance with NCHS confidentiality standards.
10/6/24,United States,Race and Hispanic origin,"Native Hawaiian or Other Pacific Islander, Non-Hispanic",2024,2,12 month-ending,2/29/24,,10265,,Data counts between 1-9 have been suppressed in accordance with NCHS confidentiality standards.
10/6/24,United States,Race and Hispanic origin,"Native Hawaiian or Other Pacific Islander, Non-Hispanic",2024,3,12 month-ending,3/31/24,0,10150,0.0,
10/6/24,United States,Race and Hispanic origin,"Native Hawaiian or Other Pacific Islander, Non-Hispanic",2024,4,12 month-ending,4/30/24,0,10189,0.0,
10/6/24,United States,Race and Hispanic origin,"Native Hawaiian or Other Pacific Islander, Non-Hispanic",2024,5,12 month-ending,5/31/24,,10260,,Data counts between 1-9 have been suppressed in accordance with NCHS confidentiality standards.
10/6/24,United States,Race and Hispanic origin,"Native Hawaiian or Other Pacific Islander, Non-Hispanic",2024,6,12 month-ending,6/30/24,,10144,,Data counts between 1-9 have been suppressed in accordance with NCHS confidentiality standards.
10/6/24,United States,Race and Hispanic origin,"White, Non-Hispanic",2024,1,12 month-ending,1/31/24,256,1785067,14.3,
10/6/24,United States,Race and Hispanic origin,"White, Non-Hispanic",2024,2,12 month-ending,2/29/24,259,1790150,14.5,
10/6/24,United States,Race and Hispanic origin,"White, Non-Hispanic",2024,3,12 month-ending,3/31/24,263,1787712,14.7,
10/6/24,United States,Race and Hispanic origin,"White, Non-Hispanic",2024,4,12 month-ending,4/30/24,264,1792516,14.7,
10/6/24,United States,Race and Hispanic origin,"White, Non-Hispanic",2024,5,12 month-ending,5/31/24,271,1792037,15.1,
10/6/24,United States,Race and Hispanic origin,"White, Non-Hispanic",2024,6,12 month-ending,6/30/24,272,1783271,15.3,